date,tweet,clean_tweet
2013-06-28," Taking action. Will be a 7 day grace period for $2500 ext warranty. Neg margin at that price, so must unfortunately raise.",take action day grace period ext warranti neg margin price must unfortun rais
2013-05-25,"Am not suggesting shutting down CO2 production, but rather to price in environmental cost &amp; shift to sustainable energy",suggest shut co product rather price environment cost amp shift sustain energi
2013-05-03, Guaranteeing the world's best resale value in industry is unprecedented and backed up my other assets. Why isn't that good?,guarante world best resal valu industri unpreced back asset good
2013-05-03," Yes, this does put an indirect floor on resale value. Should help all owners.",yes put indirect floor resal valu help owner
2013-05-03,Tesla raises Model S resale value guarantee to highest in auto industry  ,tesla rais model resal valu guarante highest auto industri
2013-05-03," We can't formally provide a guarantee w/o restating accounting, but I feel confident about the value anyway.",formal provid guarante w restat account feel confid valu anyway
2013-02-27,"  Exactly. Then no need for clean energy subsidies, as externality is priced into mkt behavior",exact need clean energi subsidi extern price mkt behavior
2014-10-28,"Also, lease price improvement is due to US Bank deal. It is *not* a discount. Revenue to Tesla is unchanged.",also leas price improv due us bank deal discount revenu tesla unchang
2014-01-23,Tesla policy is to charge the same price (+ taxes &amp; shipping) everywhere in the world  ,tesla polici charg price tax amp ship everywher world
2015-09-30,"Btw, price of Model X is actually only $5k more than S. Lower cost versions coming later.",btw price model x actual k lower cost version come later
2015-09-02," $35k price, unveil in March, preorders start then.",k price unveil march preorder start
2015-09-02,"With same options, Model X is $5k more than an S due to greater size &amp; body complexity. Sig Series is fully loaded, hence high price.",option model x k due greater size amp bodi complex sig seri fulli load henc high price
2015-06-23,Important to note that Model S resale value is also higher than that of gasoline cars,import note model resal valu also higher gasolin car
2015-03-16,Some people seem to think I tweet to affect share price. This is false. A brief rise in $TSLA stock obviously does no good for Tesla or me.,peopl seem think tweet affect share price fals brief rise tsla stock obvious good tesla
2016-10-29,"Should mention that the Tesla solar roof is robust against any weather, incl heavy hail. Also, higher insulating value than a standard roof.",mention tesla solar roof robust weather incl heavi hail also higher insul valu standard roof
2016-09-13,Comprehensive study by Autolist shows that a Tesla retains its value far better than gasoline sedans  ,comprehens studi autolist show tesla retain valu far better gasolin sedan
2016-07-05," If you care about auto deaths as material to stock prices, why no articles about 1M+/year deaths from other auto companies?",care auto death materi stock price articl year death auto compani
2016-04-27," some places are trickier than others, but yes. That's the value of having a PICA-3 heat shield with propulsive landing.",place trickier other yes valu pica heat shield propuls land
2016-04-20,Looks like Model X resale value is holding up well :)  ,look like model x resal valu hold well
2016-04-01,"Model 3 orders at 180,000 in 24 hours. Selling price w avg option mix prob $42k, so ~$7.5B in a day. Future of electric cars looking bright!",model order hour sell price w avg option mix prob k b day futur electr car look bright
2017-10-06,"   Tesla always charges the same price for a Powerwall (only taxes &amp; shipping costs vary), so something is messed up here. I've asked my team to stop shipment to any installers charging excessive premiums.",tesla alway charg price powerwal tax amp ship cost vari someth mess ask team stop shipment instal charg excess premium
2017-10-02,  Homes on Jupiter with solar-power *and* a Powerwall going right now for great price!,home jupit solar power powerwal go right great price
2017-09-26,Good NYT article from several years ago about the value of fiction  ,good nyt articl sever year ago valu fiction
2017-07-30," Yeah, it's better than a Model 3. We can put a lot more in a car at a higher price.",yeah better model put lot car higher price
2017-07-25, $US price in $AUD plus import duties and sales tax,us price aud plus import duti sale tax
2017-07-11,"Thanks PayPal for allowing me to buy back   No plans right now, but it has great sentimental value to me.",thank paypal allow buy back plan right great sentiment valu
2017-07-09," It's who is first to pay full price for the car. Hard rule. I have first Roadster and X, but not first S.",first pay full price car hard rule first roadster x first
2017-06-16,"$300M cost diff between SpaceX and Boeing/Lockheed exceeds avg value of satellite, so flying with SpaceX means satellite is basically free  ",cost diff spacex boe lockhe exceed avg valu satellit fli spacex mean satellit basic free
2017-05-22,  There's just no way. Hundreds of parts and most of wiring harness would have to be replaced. Would cost more to retrofit than trading in.,way hundr part wire har would replac would cost retrofit trade
2017-04-12,Autolist survey finds Tesla used car values are highest and sell fastest  ,autolist survey find tesla use car valu highest sell fastest
2017-04-03,"    Exactly. Tesla is absurdly overvalued if based on the past, but that's irrelevant. A stock price represents risk-adjusted future cash flows.",exact tesla absurd overvalu base past irrelev stock price repres risk adjust futur cash flow
2017-01-22," The 100D price takes into account exchange rate shifts, whereas other vehicle prices haven't yet been adjusted",price take account exchang rate shift wherea vehicl price yet adjust
2018-10-27," It was underpriced. Anyway, if you want $5k refund &amp; free Supercharging turned off, we will do that.",underpr anyway want k refund amp free supercharg turn
2018-10-22,  Wanna buy some Bitcoin? üòâüòâ  ,wanna buy bitcoin
2018-10-18," It‚Äôs kind of like the post office. Same price for delivery to Maine as the SF Bay Area. But you do get a free Tesla factory tour, which is really fun to see.",kind like post offic price deliveri main sf bay area get free tesla factori tour realli fun see
2018-10-17," True, but this will improve dramatically over next several months &amp; all Tesla cars ever produced (except early Roadsters) will get improvements for free. Continuous, free over-the-air software updates is a big part of why a Tesla retains so much value over time.",true improv dramat next sever month amp tesla car ever produc except earli roadster get improv free continu free air softwar updat big part tesla retain much valu time
2018-10-04,     Exactly. Short-sellers are value destroyers. Should definitely be illegal.,exact short seller valu destroy definit illeg
2018-10-04,"By revenue, taking publicly available selling prices, Model 3 actually outsold Camry by a factor of two  ",revenu take public avail sell price model actual outsold camri factor two
2018-10-04,"People sometimes forget that a company is just a group of people gathered together to make products. So long as it makes great products, it will have great value.",peopl sometim forget compani group peopl gather togeth make product long make great product great valu
2018-10-04,"  If you think Tesla is overvalued compared to probable value of future cash flows, sell. Otherwise, buy.",think tesla overvalu compar probabl valu futur cash flow sell otherwis buy
2018-09-14,"   The Tesla board has done incredible work overseeing the largest value creation in the auto industry in 100+ years, despite many setbacks. Tesla owes its very existence to this board!",tesla board done incred work overse largest valu creation auto industri year despit mani setback tesla owe exist board
2018-09-11,"Moving 2 of 7 Tesla colors off menu on Wednesday to simplify manufacturing. Obsidian Black &amp; Metallic Silver will still be available as special request, but at higher price.",move tesla color menu wednesday simplifi manufactur obsidian black amp metal silver still avail special request higher price
2018-08-25," In talking to our public investors, most were supportive of optimizing for long-term value creation over quarterly earnings. This was also a factor in remaining public.",talk public investor support optim long term valu creation quarter earn also factor remain public
2018-08-05," Model S P100D is def still the top end, but Model 3 Performance is higher value for money",model p def still top end model perform higher valu money
2018-07-10,"  Ironically, the ‚Äúbillionaire‚Äù label, when used by media, is almost always meant to devalue &amp; denigrate the subject. I wasn‚Äôt called that until my companies got to a certain size, but reality is that I still do the same science &amp; engineering as before. Just the scale has changed.",iron billionair label use media almost alway meant devalu amp denigr subject call compani got certain size realiti still scienc amp engin scale chang
2018-07-05,"  Sounds very sketchy if true. , is it possible you‚Äôre  serving as an inside trading source for one of Tesla‚Äôs biggest short-sellers? An ex-Tesla employee just went on record formally claiming you bribed him &amp; he sent you valuable Tesla IP in exchange. Is this true?",sound sketchi true possibl serv insid trade sourc one tesla biggest short seller ex tesla employe went record formal claim bribe amp sent valuabl tesla ip exchang true
2018-06-17,    More propaganda. The NDA only prevents disclosure of Tesla proprietary IP or material non-public information (insider trading).,propaganda nda prevent disclosur tesla proprietari ip materi non public inform insid trade
2018-06-16,   That is why it is critical to support competition. Excess profits draw in competitors who then drive down prices.,critic support competit excess profit draw competitor drive price
2018-06-10,"   Of course, but it‚Äôs the kind of hustle that you like even with full knowledge. People can obv read the Internet &amp; anyone who wants a refund will get one. I predict basically zero. The honest-to-goodness fun value is amazing &amp; we‚Äôre never going to make them again.",cours kind hustl like even full knowledg peopl obv read internet amp anyon want refund get one predict basic zero honest good fun valu amaz amp never go make
2018-06-09,"At Zip2, I wrote entire V1 of software for drawing vector maps &amp; calculating point to point directions anywhere in US (first ever company to do so), as well as white pages &amp; business listings w reviews (an early Yelp). Also wrote V1 of classifieds, autotrading &amp; real estate apps.",zip wrote entir v softwar draw vector map amp calcul point point direct anywher us first ever compani well white page amp busi list w review earli yelp also wrote v classifi autotrad amp real estat app
2018-06-03,"  Leasing negatively effects Tesla cash flow, so we prob won‚Äôt offer Model 3 leases for 6 to 9 months. Loan financing is a better deal anyway, as bank conservatism for new car models is v conservative about residual value, but Teslas have always had strong residual value.",leas negat effect tesla cash flow prob offer model leas month loan financ better deal anyway bank conservat new car model v conserv residu valu tesla alway strong residu valu
2018-05-29,"    Yes, AWD P first and then AWD. Production costs are always high when line first gets going, so we have to sell higher price versions first or each car will have very negative margins. As production efficiency rises, we can make lower cost versions &amp; not lose money.",yes awd p first awd product cost alway high line first get go sell higher price version first car negat margin product effici rise make lower cost version amp lose money
2018-05-26,"     Nanotech *is* bs imo. When you take something that has nothing to do w gender &amp; make it about that, you devalue genuine gender issues.",nanotech bs imo take someth noth w gender amp make devalu genuin gender issu
2018-05-20," It‚Äôs only slightly more expensive to Tesla (same price to car owners), but owner happiness is way higher, so worth doing",slight expens tesla price car owner owner happi way higher worth
2018-03-22,"The Swiss police are smart. Electricity vs diesel &amp; maintenance more than make up for purchase price diff. Plus, the bad guys will def not escape. That‚Äôs worth a lot ‚Ä¶  ",swiss polic smart electr vs diesel amp mainten make purchas price diff plus bad guy def escap worth lot
2018-02-25,"  End-to-end encryption encoded at firmware level. Unlikely to be hacked w current computing tech. If it is (and we learn about it), a crypto fix will go out immediately via network-wide firmware update.",end end encrypt encod firmwar level unlik hack w current comput tech learn crypto fix go immedi via network wide firmwar updat
2018-02-24,  Am feeling optimistic about beating the Semi specs announced at the unveiling for the same price. The Tesla Semi will be something really special.,feel optimist beat semi spec announc unveil price tesla semi someth realli special
2018-02-22,"  Not sure. I let  know, but it‚Äôs still going. I literally own zero cryptocurrency, apart from .25 BTC that a friend sent me many years ago.",sure let know still go liter zero cryptocurr apart btc friend sent mani year ago
2018-01-29,"But wait, there‚Äôs more: the flamethrower is sentient, its safe word is ‚Äúcryptocurrency‚Äù and it comes with a free blockchain",wait flamethrow sentient safe word cryptocurr come free blockchain
2019-11-20,"  Absolutely, but to move to Mk3 design. This had some value as a manufacturing pathfinder, but flight design is quite different.",absolut move mk design valu manufactur pathfind flight design quit differ
2019-10-28,"If you‚Äôre directly affected by wildfire power outages, Tesla is reducing Solar+Powerwall prices by $1000 as of today",direct affect wildfir power outag tesla reduc solar powerwal price today
2019-10-28,"Homes with solar sell for 4.1% more, according to Zillow. Adding a Powerwall battery is highly likely to increase home value too imo, as security against blackouts is increasingly important.   ",home solar sell accord zillow ad powerwal batteri high like increas home valu imo secur blackout increas import
2019-10-21,"Very likely that a home with clean power that‚Äôs lower cost than utility, plus blackout protection via Powerwall, will have a positive effect on value",like home clean power lower cost util plus blackout protect via powerwal posit effect valu
2019-10-15,"So much respect for those doing high volume manufacturing. It‚Äôs insanely hard, but you make a real thing that people value. My hat is off to you ‚Ä¶",much respect high volum manufactur insan hard make real thing peopl valu hat
2019-10-12, Fair point. Will hold on EU price change until Tesla gets clarity from regulators about Smart Summon feature release date.,fair point hold eu price chang tesla get clariti regul smart summon featur releas date
2019-10-12,"Now that Tesla V10.0 with Smart Summon is out, Full Self-Driving price will increase by $1000 on Nov 1",tesla v smart summon full self drive price increas nov
2019-10-06,"Given how quickly the world is shifting to electric vehicles, a gas/diesel vehicle bought today will probably have low resale value",given quick world shift electr vehicl gas diesel vehicl bought today probabl low resal valu
2019-09-14,"   Should note that these product mix &amp; logistics errors also results in regional *undersupply*, eg UK &amp; Ireland right now, but we don‚Äôt raise the prices even so. The intent, at any given moment in time, is: heads we lose, tails buyers win.",note product mix amp logist error also result region undersuppli eg uk amp ireland right rais price even intent given moment time head lose tail buyer win
2019-09-14,"   At end of quarter, there is always some error in product mix allocation between the roughly 40 global regions, due to planning mistakes &amp; logistics problems (Earth is a big place). Small changes in prices are needed to correct local supply/demand imbalances.",end quarter alway error product mix alloc rough global region due plan mistak amp logist problem earth big place small chang price need correct local suppli demand imbal
2019-09-14,"  The fundamental operating principle is that prices, while they may change, will change for all equally &amp; should never be a function of bargaining. This is normal for most products, but weirdly not for the auto industry in most parts of the world.",fundament oper principl price may chang chang equal amp never function bargain normal product weird auto industri part world
2019-09-14,"  There aren‚Äôt really meant to be ‚ÄúTesla incentives‚Äù, just general price changes to reflect optimal value of product, as we sometimes get prices of some variants wrong or need to (partially) address shifts in tax incentives. Overarching principle, however, is same deal for all.",realli meant tesla incent general price chang reflect optim valu product sometim get price variant wrong need partial address shift tax incent overarch principl howev deal
2019-09-04,  Anywhere insurance prices are high,anywher insur price high
2019-07-16,"     No, since Tesla will charge a % fee for being in our robotaxi fleet, but it will rise to whatever the clearing price is, otherwise all our cars will be bought by scalpers",sinc tesla charg fee robotaxi fleet rise whatev clear price otherwis car bought scalper
2019-07-08,"    To be clear, consumers will still be able to buy a Tesla, but the clearing price will rise significantly, as a fully autonomous car that can function as a robotaxi is several times more valuable than a non-autonomous car",clear consum still abl buy tesla clear price rise signific fulli autonom car function robotaxi sever time valuabl non autonom car
2019-06-19,"Starting next month, Tesla will charge $1000 for color black (same price as silver)",start next month tesla charg color black price silver
2019-05-31,"   Also HEPA filter is expensive, so would force increase in price",also hepa filter expens would forc increas price
2019-05-27," Agreed, sent a note to Starlink team last week specifically regarding albedo reduction. We‚Äôll get a better sense of value of this when satellites have raised orbits &amp; arrays are tracking to sun.",agre sent note starlink team last week specif regard albedo reduct get better sens valu satellit rais orbit amp array track sun
2019-05-25,    Exactly. A car being electric &amp; upgradable to full self-driving maximizes future resale value.,exact car electr amp upgrad full self drive maxim futur resal valu
2019-05-25,"   Given how many countries are limiting or setting an end date for combustion engine cars, their future resale value cars will be low. Consumers are starting to realize this.",given mani countri limit set end date combust engin car futur resal valu car low consum start realiz
2019-05-24," Ironically, same publications will attack me for compensation tied to Tesla tripling in value and imply Tesla is worthless. They can‚Äôt *both* be true!",iron public attack compens tie tesla tripl valu impli tesla worthless true
2019-05-08,"Even though lease cost is lower, I recommend purchase, as buyer retains upside value of car vs lease where you have give it back to Tesla",even though leas cost lower recommend purchas buyer retain upsid valu car vs leas give back tesla
2019-04-25,We will delay $1k full self-driving option price increase until May 10 for those unable to order by May 1,delay k full self drive option price increas may unabl order may
2019-04-24,"As mentioned before, Tesla full self-driving option price will increase after May 1. You can order online at  ",mention tesla full self drive option price increas may order onlin
2019-04-13," Hopefully have the order page live before then. If not, will push price change out a bit later.",hope order page live push price chang bit later
2019-04-13,Please note that the price of the Tesla Full Self-Driving option will increase substantially over time,pleas note price tesla full self drive option increas substanti time
2019-04-12,  Other automakers change prices constantly &amp; substantially by varying rebates &amp; discounts according to negotiating strength of buyer. Tesla is transparent &amp; consistent.,automak chang price constant amp substanti vari rebat amp discount accord negoti strength buyer tesla transpar amp consist
2019-04-12,"  So if we raise prices in the future, will you cut Tesla a check? Can‚Äôt have it both ways.",rais price futur cut tesla check way
2019-04-02,Dogecoin value may vary  ,dogecoin valu may vari
2019-04-02,Dogecoin rulz  ,dogecoin rulz
2019-04-02, Dogecoin might be my fav cryptocurrency. It‚Äôs pretty cool.,dogecoin might fav cryptocurr pretti cool
2019-03-30," Assert (‚ÄúMoney‚Äù == Series of heterogeneous databases insecurely connected with high latency. Primary purpose == Information system for allocation of human time. As automation++, value of money--);",assert money seri heterogen databas insecur connect high latenc primari purpos inform system alloc human time autom valu money
2019-03-24," Every car company is constantly changing prices, but nobody cares",everi car compani constant chang price nobodi care
2019-03-24,"To be clear, this doesn‚Äôt affect Tesla website order prices. Existing inventory prices are currently slightly lower than on website. This will bring them in line.",clear affect tesla websit order price exist inventori price current slight lower websit bring line
2019-03-24,Please note prices on all Tesla inventory cars worldwide rise by ~3% on April 1,pleas note price tesla inventori car worldwid rise april
2019-03-12, Our ‚Äúlist‚Äù prices are our actual prices. Software (and automotive) vary prices frequently by changing the discount or rebate.,list price actual price softwar automot vari price frequent chang discount rebat
2019-03-12,"     In retrospect, lower price shouldn‚Äôt have been offered. Was done so because some simply couldn‚Äôt afford it. Prices revert to normal on Monday.",retrospect lower price offer done simpli afford price revert normal monday
2019-03-12," We are still closing stores, just not as many as before. This basically splits the difference ‚Äî about half as many stores closed, but then can afford only about half the price reduction. Was discussed with exec team &amp; board.",still close store mani basic split differ half mani store close afford half price reduct discuss exec team amp board
2019-03-12,"    When prices go down, those who already bought want the lower price, but, if prices go up, those who already bought don‚Äôt want to write Tesla a check. So it goes.",price go alreadi bought want lower price price go alreadi bought want write tesla check goe
2019-03-12,  Those prices will revert to normal on Monday too,price revert normal monday
2019-03-12,"Tesla car prices go up ~3% next week, except for $35k Model 3. Order online at   before then for current prices.",tesla car price go next week except k model order onlin current price
2019-03-02,"If you bought a Tesla before yesterday‚Äôs price reduction, you can have Autopilot or full self-driving at half normal cost (up to $6k less)",bought tesla yesterday price reduct autopilot full self drive half normal cost k less
2019-03-01,"Base Model 3 available in Europe in ~6 months, Asia 6 to 8 months. Latter contingent on Shanghai Gigafactory. Country-specific taxes &amp; import duties mean price may be 25% or more above US number.",base model avail europ month asia month latter conting shanghai gigafactori countri specif tax amp import duti mean price may us number
2019-02-21," That said, I still only own 0.25 BTC, which a friend sent me several years ago. Don‚Äôt have any crypto holdings.",said still btc friend sent sever year ago crypto hold
2019-02-06,"  Exactly. Both prices are shown right next to each other &amp; lower price is *actually* the real apples to apples cost vs a fuel car. In fact, for many states in the US, it‚Äôs way better.",exact price shown right next amp lower price actual real appl appl cost vs fuel car fact mani state us way better
2019-01-13," Which country? There is a 10% import duty, ~20% VAT (US prices don‚Äôt include sales tax) and about $2000 in extra shipping cost, but it shouldn‚Äôt add up to $25k.",countri import duti vat us price includ sale tax extra ship cost add k
2020-12-22," During the darkest days of the Model 3 program, I reached out to Tim Cook to discuss the possibility of Apple acquiring Tesla (for 1/10 of our current value). He refused to take the meeting.",darkest day model program reach tim cook discuss possibl appl acquir tesla current valu refus take meet
2020-12-20," Pretty much. The main value of college used to be hanging out, having pseudo intellectual conversations &amp; partying with people your own age. Now, even that‚Äôs gone.",pretti much main valu colleg use hang pseudo intellectu convers amp parti peopl age even gone
2020-12-20,One word: Doge,one word doge
2020-12-20,Bitcoin is almost as bs as fiat money,bitcoin almost bs fiat money
2020-12-20,Bitcoin is my safe word,bitcoin safe word
2020-11-17,   Dojo/Doge,dojo doge
2020-11-16, üé∂ Toss a bitcoin to ur Witcher üé∂,toss bitcoin ur witcher
2020-11-15,"  They should be imo. If you get a blood pressure test, they tell you the number, not just if it‚Äôs high/not-high. There is not a clear consensus on what Ct value of what cov2 gene constitutes ‚Äúpositive‚Äù.",imo get blood pressur test tell number high high clear consensus ct valu cov gene constitut posit
2020-10-27," All that was left were broken bots &amp; equipment hardly worth the scrap metal value. But we scrounged up spare parts, fixed the trusty old bots &amp; brought the factory back to life.",left broken bot amp equip hard worth scrap metal valu scroung spare part fix trusti old bot amp brought factori back life
2020-10-22," Well, we have said many times that the price will rise as the product functionality improves. How much time do you think we should give?",well said mani time price rise product function improv much time think give
2020-10-22,"Now that Tesla FSD beta is out in limited release, FSD price (new or upgrade) will go up by ~$2k on Monday",tesla fsd beta limit releas fsd price new upgrad go k monday
2020-10-14,"The gauntlet has been thrown down!   The prophecy will be fulfilled.   Model S price changes to $69,420 tonight!",gauntlet thrown propheci fulfil model price chang tonight
2020-09-28, We aren‚Äôt cutting the price of Model 3 to $25k. I was referring to a future car that will be smaller than Model 3.,cut price model k refer futur car smaller model
2020-08-30," It is unfortunately common for many in academia to overweight the value of ideas &amp; underweight bringing them to fruition. For example, the idea of going to the moon is trivial, but going to the moon is hard.",unfortun common mani academia overweight valu idea amp underweight bring fruition exampl idea go moon trivial go moon hard
2020-08-19," That‚Äôs an error in Canada. The lease payment is specifically lower than loan financing, as Tesla expects to repossess the car. This is essentially a bet on residual value. If you believe residual value will rise, buy on loan, if you think it will drop, then lease.",error canada leas payment specif lower loan financ tesla expect repossess car essenti bet residu valu believ residu valu rise buy loan think drop leas
2020-07-18,"Solving high-volume, high-reliability, low-cost production problems is especially valued",solv high volum high reliabl low cost product problem especi valu
2020-07-18," Excuse me, I only sell Doge!",excus sell doge
2020-07-10," Not actually a payout, just a vesting of stock options. It may never pay out, as the stock can‚Äôt be sold for 5 years after exercise. The stock must be bought &amp; income taxes paid, then hold value for 5 years.",actual payout vest stock option may never pay stock sold year exercis stock must bought amp incom tax paid hold valu year
2020-07-02,"    I‚Äôm not building anything on ethereum. Not for or against it, just don‚Äôt use it or own any.",build anyth ethereum use
2020-06-25,"  Exactly! A carbon tax is needed to correct the unpriced externality &amp; market will do the rest. The consequences of slow action are serious. In my opinion, we need to convert &gt;80% of the global road, sea &amp; air fleet to renewables by 2050.",exact carbon tax need correct unpric extern amp market rest consequ slow action serious opinion need convert gt global road sea amp air fleet renew
2020-06-22,Reminder that Tesla Full Self-Driving (FSD) price goes up by $1k on July 1st,remind tesla full self drive fsd price goe k juli st
2020-05-18,"The FSD price will continue to rise as the software gets closer to full self-driving capability with regulatory approval. It that point, the value of FSD is probably somewhere in excess of $100,000.",fsd price continu rise softwar get closer full self drive capabl regulatori approv point valu fsd probabl somewher excess
2020-05-15, I still only own 0.25 Bitcoins btw,still bitcoin btw
2020-05-15," Pretty much, although massive currency issuance by govt central banks is making Bitcoin Internet üëª money look solid by comparison",pretti much although massiv currenc issuanc govt central bank make bitcoin internet money look solid comparison
2020-05-15, Capitalism already has many fetters in the form of a plethora of regulatory bodies! I‚Äôm definitely against any monopolies/oligopolies where there is a low forcing function for improving customer happiness or an unpriced externality that consumes a common good (eg emissions).,capit alreadi mani fetter form plethora regulatori bodi definit monopoli oligopoli low forc function improv custom happi unpric extern consum common good eg emiss
2020-05-01, How much for some anime Bitcoin?  ,much anim bitcoin
2020-05-01,Tesla stock price is too high imo,tesla stock price high imo
2020-04-25,  Dogecoin Mode,dogecoin mode
2020-04-22," Pretty much. We place high value on simulation too, but nothing‚Äôs as weird as reality!",pretti much place high valu simul noth weird realiti
2020-04-12,"  It‚Äôs not turned on. Meant for vandalism monitoring in a robotaxi future. Also, the car has transparent windows, so spying has limited value.",turn meant vandal monitor robotaxi futur also car transpar window spi limit valu
2020-03-27," Biggest value Tesla is providing is precise delivery of ventilators exactly to the ICU where &amp; when they‚Äôre needed. There are many ventilators in warehouses, but stuck in logistics/routing/paperwork issues.",biggest valu tesla provid precis deliveri ventil exact icu amp need mani ventil warehous stuck logist rout paperwork issu
2020-03-18," Yeah. There was also an early engine shutdown on ascent, but it didn‚Äôt affect orbit insertion. Shows value of having 9 engines! Thorough investigation needed before next mission.",yeah also earli engin shutdown ascent affect orbit insert show valu engin thorough investig need next mission
2020-02-10, Your comment above: ‚ÄúWho in their right mind would buy an ICE after 2025 knowing its residual value will be zilch? Legacy auto: go EV or go BUST!‚Äù is super important for car buyers. Residual values for gas/diesel cars will plummet in coming years.,comment right mind would buy ice know residu valu zilch legaci auto go ev go bust super import car buyer residu valu gas diesel car plummet come year
2020-02-01, The crypto scam level on Twitter is reaching new levels. This is not cool.,crypto scam level twitter reach new level cool
2020-01-10,Bitcoin is *not* my safe word,bitcoin safe word
2021-12-23,        That‚Äôs why I‚Äôm pro Doge,pro doge
2021-12-14,Tesla will make some merch buyable with Doge &amp; see how it goes,tesla make merch buyabl doge amp see goe
2021-11-27," We learned our lesson with $465M DoE loan received in 2010/2011 ‚Äì onerous terms exceed value of money received. That‚Äôs why we paid it back so early, despite an early repayment penalty.",learn lesson doe loan receiv oner term exceed valu money receiv paid back earli despit earli repay penalti
2021-11-26," Combined Tesla+SpaceX market cap is now over $1.2T, which means ‚Äú$4.9B‚Äù is less than 0.4% of combined company value",combin tesla spacex market cap mean b less combin compani valu
2021-11-23,"    I don‚Äôt use Binance (tried at one point, but signup was too many hoops to jump through), so no inconvenience to me personally. Just raising this issue on behalf of other Doge holders.",use binanc tri one point signup mani hoop jump inconveni person rais issu behalf doge holder
2021-11-23,    Doge holders using Binance should be protected from errors that are not their fault,doge holder use binanc protect error fault
2021-11-23,"   Hey , what‚Äôs going on with your Doge customers? Sounds shady.",hey go doge custom sound shadi
2021-11-20, Bitcoin cures cancer,bitcoin cure cancer
2021-11-03, How about my lil doge Floki? He would make a great CEO! His judgment is ü§å.,lil doge floki would make great ceo judgment
2021-11-01," - Everything on the Internet is true! - Externalize responsibility! - If you are able to do this, buy crypto!",everyth internet true extern respons abl buy crypto
2021-10-31,Tuition is in Dogecoin &amp; u get a discount if u have a dog,tuition dogecoin amp u get discount u dog
2021-10-31,"  Indeed. The factory was empty at the time, stripped of all equipment that wasn‚Äôt worth even its scrap value. But we salvaged what was left &amp; fixed up the old machines so some could work again.",inde factori empti time strip equip worth even scrap valu salvag left amp fix old machin could work
2021-10-27," If I send you 2 Doge, will you promise to send me 1 Doge?",send doge promis send doge
2021-10-26," To be clear, cars sold to Hertz have no discount. Same price as to consumers.",clear car sold hertz discount price consum
2021-10-24, Lots of people I talked to on the production lines at Tesla or building rockets at SpaceX own Doge. They aren‚Äôt financial experts or Silicon Valley technologists. That‚Äôs why I decided to support Doge ‚Äì it felt like the people‚Äôs crypto.,lot peopl talk product line tesla build rocket spacex doge financi expert silicon valley technologist decid support doge felt like peopl crypto
2021-10-24,"  Out of curiosity, I acquired some ascii hash strings called ‚ÄúBitcoin, Ethereum &amp; Doge‚Äù. That‚Äôs it.   As I‚Äôve said before, don‚Äôt bet the farm on crypto! True value is building products &amp; providing services to your fellow human beings, not money in any form.",curios acquir ascii hash string call bitcoin ethereum amp doge said bet farm crypto true valu build product amp provid servic fellow human be money form
2021-10-24,"    Possibly. Bitcoin was conceived at a time of relatively low bandwidth &amp; high latency. If both continue to improve substantially, we will reach a point when no second layer is needed.",possibl bitcoin conceiv time relat low bandwidth amp high latenc continu improv substanti reach point second layer need
2021-10-24, Plus crypto scams haha,plus crypto scam haha
2021-10-22, *In Dogecoin,dogecoin
2021-10-22,"  Yeah, although early production cars will need camera upgrades, as well as FSD computer (all included in the price)",yeah although earli product car need camera upgrad well fsd comput includ price
2021-10-20, The day FSD goes to wide release will be one of the biggest asset value increases in history,day fsd goe wide releas one biggest asset valu increas histori
2021-09-23, Super important for Doge fees to drop to make things like buying movie tix viable,super import doge fee drop make thing like buy movi tix viabl
2021-09-10,      Exactly. Getting paid by the government to launch payloads at much lower prices than competitors is not ‚Äúgovernment support‚Äù.,exact get paid govern launch payload much lower price competitor govern support
2021-08-24, Ancient Doges,ancient doge
2021-08-07,"  Agreed, this is not the time to pick technology winners or losers in cryptocurrency technology. There is no crisis that compels hasty legislation.",agre time pick technolog winner loser cryptocurr technolog crisi compel hasti legisl
2021-07-30,   Cook &amp; I have never spoken or written to each other ever.   There was a point where I requested to meet with Cook to talk about Apple buying Tesla. There were no conditions of acquisition proposed whatsoever.   He refused to meet. Tesla was worth about 6% of today‚Äôs value.,cook amp never spoken written ever point request meet cook talk appl buy tesla condit acquisit propos whatsoev refus meet tesla worth today valu
2021-07-29," We don‚Äôt have that many Bitcoin, but it‚Äôs close",mani bitcoin close
2021-07-27,"  That‚Äôs a low bar. Carmakers have never valued software engineering highly, although VW is trying to change that.   I personally wrote software for 20 years &amp; have huge respect for software engineers. Tesla is on par with best software companies &amp; is leader in real world AI.",low bar carmak never valu softwar engin high although vw tri chang person wrote softwar year amp huge respect softwar engin tesla par best softwar compani amp leader real world ai
2021-07-17,  Lil X is hodling his Doge like a champ. Literally never said the word ‚Äúsell‚Äù even once!,lil x hodl doge like champ liter never said word sell even
2021-07-13," Maybe if it sees a Shiba Inu, the car renders a Dogecoin ‚Ä¶",mayb see shiba inu car render dogecoin
2021-07-09," BTC &amp; ETH are pursuing a multilayer transaction system, but base layer transaction rate is slow &amp; transaction cost is high.  There is merit imo to Doge maximizing base layer transaction rate &amp; minimizing transaction cost with exchanges acting as the de facto secondary layer.",btc amp eth pursu multilay transact system base layer transact rate slow amp transact cost high merit imo doge maxim base layer transact rate amp minim transact cost exchang act de facto secondari layer
2021-07-02,      But can I pay in Doge?,pay doge
2021-07-01,"Baby Doge, doo, doo, doo, doo, doo, Baby Doge, doo, doo, doo, doo, doo, Baby Doge, doo, doo, doo, doo, doo, Baby Doge",babi doge doo doo doo doo doo babi doge doo doo doo doo doo babi doge doo doo doo doo doo babi doge
2021-07-01,Release the Doge!  ,releas doge
2021-06-25,‚ÄúThat‚Äôs not funny!‚Äù ‚Äì Bitcoin maxis,funni bitcoin maxi
2021-06-25,How many Bitcoin maxis does it take to screw in a lightbulb?,mani bitcoin maxi take screw lightbulb
2021-06-25, Oh right ‚Ä¶ Bitcoin haha,oh right bitcoin haha
2021-06-13," This is inaccurate. Tesla only sold ~10% of holdings to confirm BTC could be liquidated easily without moving market.  When there‚Äôs confirmation of reasonable (~50%) clean energy usage by miners with positive future trend, Tesla will resume allowing Bitcoin transactions.",inaccur tesla sold hold confirm btc could liquid easili without move market confirm reason clean energi usag miner posit futur trend tesla resum allow bitcoin transact
2021-06-01,  Moving lumbar was removed only in front passenger seat of 3/Y (obv not there in rear seats). Logs showed almost no usage. Not worth cost/mass for everyone when almost never used.  Prices increasing due to major supply chain price pressure industry-wide. Raw materials especially.,move lumbar remov front passeng seat obv rear seat log show almost usag worth cost mass everyon almost never use price increas due major suppli chain price pressur industri wide raw materi especi
2021-05-28," For the low, low price of ‚Ä¶ ?",low low price
2021-05-26," Please note Dogecoin has no formal organization &amp; no one reports to me, so my ability to take action is limited",pleas note dogecoin formal organ amp one report abil take action limit
2021-05-25,"  Doge has dogs &amp; memes, whereas the others do not",doge dog amp meme wherea other
2021-05-25,"Someone suggested changing Dogecoin fees based on phases of the moon, which is pretty awesome haha",someon suggest chang dogecoin fee base phase moon pretti awesom haha
2021-05-24,"If you‚Äôd like to help develop Doge, please submit ideas on GitHub &amp;   ",like help develop doge pleas submit idea github amp
2021-05-24,Spoke with North American Bitcoin miners. They committed to publish current &amp; planned renewable usage &amp; to ask miners WW to do so. Potentially promising.,spoke north american bitcoin miner commit publish current amp plan renew usag amp ask miner ww potenti promis
2021-05-22," The true battle is between fiat &amp; crypto. On balance, I support the latter.",true battl fiat amp crypto balanc support latter
2021-05-21,  Bitcoin hashing (aka mining) energy usage is starting to exceed that of medium-sized countries. Almost impossible for small hashers to succeed without those massive economies of scale.,bitcoin hash aka mine energi usag start exceed medium size countri almost imposs small hasher succeed without massiv economi scale
2021-05-20," Yeah, I haven‚Äôt &amp; won‚Äôt sell any Doge",yeah amp sell doge
2021-05-20, A longtime Tesla supporter gave me the Doge dollar sticker at Giga Berlin,longtim tesla support gave doge dollar sticker giga berlin
2021-05-20,"  Currency is already digital! Decentralized crypto is an attempt to wrest power of currency dilution (pernicious form of taxation) &amp; capital controls from governments. That said, I sure hope the cure is better than the disease!  Mars/AI are essential to passing the great filter/s.",currenc alreadi digit decentr crypto attempt wrest power currenc dilut pernici form taxat amp capit control govern said sure hope cure better diseas mar ai essenti pass great filter
2021-05-20,How much is that Doge in the window?  ,much doge window
2021-05-17," To clarify speculation, Tesla has not sold any Bitcoin",clarifi specul tesla sold bitcoin
2021-05-16,"  Hey cryptocurrency ‚Äúexperts‚Äù, ever heard of PayPal? It‚Äôs possible ‚Ä¶ maybe ‚Ä¶ that I know than you realize about how money works.",hey cryptocurr expert ever heard paypal possibl mayb know realiz money work
2021-05-16,"  Bitcoin is actually highly centralized, with supermajority controlled by handful of big mining (aka hashing) companies.   A single coal mine in Xinjiang flooded, almost killing miners, and Bitcoin hash rate dropped 35%. Sound ‚Äúdecentralized‚Äù to you?   ",bitcoin actual high central supermajor control hand big mine aka hash compani singl coal mine xinjiang flood almost kill miner bitcoin hash rate drop sound decentr
2021-05-16,"  He should wear outfit for Halloween, but with ‚ÄúBitcoin‚Äù tattooed high on thighs",wear outfit halloween bitcoin tattoo high thigh
2021-05-16, Obnoxious threads like this make me want to go all in on Doge,obnoxi thread like make want go doge
2021-05-16,  Only if Doge can‚Äôt do it. Big pain in the neck to create another one.,doge big pain neck creat anoth one
2021-05-16," Ideally, Doge speeds up block time 10X, increases block size 10X &amp; drops fee 100X. Then it wins hands down.",ideal doge speed block time x increas block size x amp drop fee x win hand
2021-05-14,Working with Doge devs to improve system transaction efficiency. Potentially promising.,work doge dev improv system transact effici potenti promis
2021-05-14,"To be clear, I strongly believe in crypto, but it can‚Äôt drive a massive increase in fossil fuel use, especially coal",clear strong believ crypto drive massiv increas fossil fuel use especi coal
2021-05-13,Tesla &amp; Bitcoin  ,tesla amp bitcoin
2021-05-11,Do you want Tesla to accept Doge?,want tesla accept doge
2021-05-10,SpaceX launching satellite Doge-1 to the moon next year  ‚Äì Mission paid for in Doge ‚Äì 1st crypto in space ‚Äì 1st meme in space  To the mooooonnn!!   ,spacex launch satellit doge moon next year mission paid doge st crypto space st meme space mooooonnn
2021-04-28,The Dogefather SNL May 8,dogefath snl may
2021-04-27," No, you do not. I have not sold any of my Bitcoin. Tesla sold 10% of its holdings essentially to prove liquidity of Bitcoin as an alternative to holding cash on balance sheet.",sold bitcoin tesla sold hold essenti prove liquid bitcoin altern hold cash balanc sheet
2021-04-15,Doge Barking at the Moon  ,doge bark moon
2021-04-15, Doge Barking at the Moon ‚Äì Miro  ,doge bark moon miro
2021-04-01,SpaceX is going to put a literal Dogecoin on the literal moon,spacex go put liter dogecoin liter moon
2021-03-24,Pay by Bitcoin capability available outside US later this year,pay bitcoin capabl avail outsid us later year
2021-03-24,"Tesla is using only internal &amp; open source software &amp; operates Bitcoin nodes directly.  Bitcoin paid to Tesla will be retained as Bitcoin, not converted to fiat currency.",tesla use intern amp open sourc softwar amp oper bitcoin node direct bitcoin paid tesla retain bitcoin convert fiat currenc
2021-03-24,You can now buy a Tesla with Bitcoin,buy tesla bitcoin
2021-03-20," Given significant architectural changes, including fundamental improvements to pure vision, there is limited value to testing 8.x. Hoping to upload V9.0 &amp; button next month.",given signific architectur chang includ fundament improv pure vision limit valu test x hope upload v amp button next month
2021-03-19, Sometimes it‚Äôs about Doge,sometim doge
2021-03-16, 420M Doge,doge
2021-03-14,"Why are you so dogematic, they ask",dogemat ask
2021-03-14,"Origin of Doge Day Afternoon: The ancient Romans sacrificed a Dogecoin at the beginning of the Doge Days to appease the rage of Sirius, believing that the star was the cause of the hot, sultry weather.",origin doge day afternoon ancient roman sacrif dogecoin begin doge day appeas rage sirius believ star caus hot sultri weather
2021-03-14,Doge day afternoon,doge day afternoon
2021-03-12,BTC (Bitcoin) is an anagram of TBC(The Boring Company) What a coincidence!,btc bitcoin anagram tbc bore compani coincid
2021-03-06,Doge spelled backwards is Egod,doge spell backward egod
2021-03-03, Very much so &amp; its leader shall be The Doge   ,much amp leader shall doge
2021-03-02,Scammers &amp; crypto should get a room,scammer amp crypto get room
2021-03-02, 2022: Dogecoin is dumb,dogecoin dumb
2021-03-01,Doge meme shield (legendary item)  ,doge meme shield legendari item
2021-02-22,Dojo 4 Doge,dojo doge
2021-02-21,Heard a rumor some crypto coin was pegging the dollar ü§£ü§£,heard rumor crypto coin peg dollar
2021-02-20, I just set up some little Doge mining rigs with my kids. It was fun.,set littl doge mine rig kid fun
2021-02-20," An email saying you have gold is not the same as having gold. You might as well have crypto.  Money is just data that allows us to avoid the inconvenience of barter.  That data, like all data, is subject to latency &amp; error. The system will evolve to that which minimizes both.",email say gold gold might well crypto money data allow us avoid inconveni barter data like data subject latenc amp error system evolv minim
2021-02-19,"  Somehow, a hash text file using ancient crypto can be exchanged for real goods &amp; services!? Amazing.",somehow hash text file use ancient crypto exchang real good amp servic amaz
2021-02-19," To be clear, I am *not* an investor, I am an engineer. I don‚Äôt even own any publicly traded stock besides Tesla.   However, when fiat currency has negative real interest, only a fool wouldn‚Äôt look elsewhere.   Bitcoin is almost as bs as fiat money. The key word is ‚Äúalmost‚Äù.",clear investor engin even public trade stock besid tesla howev fiat currenc negat real interest fool look elsewher bitcoin almost bs fiat money key word almost
2021-02-19," Tesla‚Äôs action is not directly reflective of my opinion. Having some Bitcoin, which is simply a less dumb form of liquidity than cash, is adventurous enough for an S&amp;P500 company.",tesla action direct reflect opinion bitcoin simpli less dumb form liquid cash adventur enough amp p compani
2021-02-15, An acceptable percentage. Doge is much more concentrated.,accept percentag doge much concentr
2021-02-15,"If major Dogecoin holders sell most of their coins, it will get my full support. Too much concentration is the only real issue imo.",major dogecoin holder sell coin get full support much concentr real issu imo
2021-02-12, Doge is underestimated,doge underestim
2021-02-11,"Frodo was the underdoge, All thought he would fail, Himself most of all.  ",frodo underdog thought would fail
2021-02-10,"Bought some Dogecoin for lil X, so he can be a toddler hodler",bought dogecoin lil x toddler hodler
2021-02-10, Any crypto wallet that won‚Äôt give you your private keys should be avoided at all costs,crypto wallet give privat key avoid cost
2021-02-09," Lowest cost per ton of carbon sequestered, net of value of any product made.   Must be scalable to gigaton level.  Aiming for maximum usefulness.",lowest cost per ton carbon sequest net valu product made must scalabl gigaton level aim maximum use
2021-02-09, It‚Äôs meant to be the same price in all countries. Only difference should be taxes &amp; shipping.,meant price countri differ tax amp ship
2021-02-08," Doge appears to be inflationary, but is not meaningfully so (fixed # of coins per unit time), whereas BTC is arguably deflationary to a fault.  Transaction speed of Doge should ideally be a few orders of magnitude faster.",doge appear inflationari meaning fix coin per unit time wherea btc arguabl deflationari fault transact speed doge ideal order magnitud faster
2021-02-08,üé∂ Who let the Doge out üé∂,let doge
2021-02-07, It‚Äôs the most fun crypto!,fun crypto
2021-02-06, Dogecake,dogecak
2021-02-04,"No highs, no lows, only Doge",high low doge
2021-02-04,Dogecoin is the people‚Äôs crypto,dogecoin peopl crypto
2021-02-04,Doge,doge
2021-01-29,"   TANSTAAFL. Would be better to have small fees than no fees, as latter makes Robinhood beholden to big trading houses. Got to pay the bills somehow. Even Etsy has fees.",tanstaafl would better small fee fee latter make robinhood beholden big trade hous got pay bill somehow even etsi fee
2022-01-25,I will eat a happy meal on tv if  accepts Dogecoin,eat happi meal tv accept dogecoin
2022-01-21,Twitter is spending engineering resources on this bs while crypto scammers are throwing a spambot block party in every thread!?,twitter spend engin resourc bs crypto scammer throw spambot block parti everi thread
2022-01-14,Tesla merch buyable with Dogecoin,tesla merch buyabl dogecoin
2022-01-08, Monthly subscription price will rise when FSD goes to wide release,month subscript price rise fsd goe wide releas
2022-01-08,FSD price will rise as we get closer to FSD production code release,fsd price rise get closer fsd product code releas
2022-01-08,Tesla FSD price rising to $12k on Jan 17,tesla fsd price rise k jan
